Date,Actual,Predicted,Trade Signal,RSI Signal
2020-11-17,0.0003260000084992,0.00034585667416994515,Sell,Neutral
2020-11-18,0.0003180000057909,0.00037585641664225085,Hold,Neutral
2020-11-19,0.0003349999897181,0.0003396422827634487,Hold,Neutral
2020-11-20,0.0002819999936036,0.00029066745770236173,Sell,Neutral
2020-11-21,0.0002289999974891,0.00025439942428850064,Sell,Neutral
2020-11-22,0.0002050000039162,0.00024459761063017716,Hold,Neutral
2020-11-23,0.0002439999952912,0.00027405806246382246,Hold,Neutral
2020-11-24,0.0002779999922495,0.00026556658678284146,Hold,Neutral
2020-11-25,0.0002589999930933,0.00025545502535861476,Sell,Neutral
2020-11-26,0.0002410000015515,0.00025164435571501986,Sell,Neutral
2020-11-27,0.0002610000083222,0.0002599463787444877,Hold,Neutral
2020-11-28,0.0002589999930933,0.0002670542598157874,Hold,Neutral
2020-11-29,0.0002419999946141,0.00026349020597704023,Hold,Neutral
2020-11-30,0.0002899999963119,0.00028643120087259126,Hold,Neutral
2020-12-01,0.0003039999864995,0.000294552918041899,Hold,Neutral
2020-12-02,0.000304999994114,0.0002970833151587774,Hold,Neutral
2020-12-03,0.0003009999927598,0.0002921299951864714,Hold,Neutral
2020-12-04,0.0002939999976661,0.00029011874675526425,Hold,Neutral
2020-12-05,0.0002579999854788,0.00028306401217707334,Hold,Neutral
2020-12-06,0.000278999999864,0.0002794717911763163,Buy,Neutral
2020-12-07,0.0002819999936036,0.0002829804770140462,Buy,Neutral
2020-12-08,0.000278999999864,0.00028288023508234324,Hold,Neutral
2020-12-09,0.0002830000012181,0.00027270534594068716,Hold,Neutral
2020-12-10,0.000278999999864,0.00027253408507624586,Hold,Neutral
2020-12-11,0.0002709999971557,0.0002711650209733481,Sell,Neutral
2020-12-12,0.0002579999854788,0.00026739796877856177,Sell,Neutral
2020-12-13,0.0002629999944474,0.00026683538456065967,Hold,Neutral
2020-12-14,0.000278999999864,0.00027578295298573196,Hold,Neutral
2020-12-15,0.000268000003416,0.00026556373536472307,Sell,Neutral
2020-12-16,0.0002640000020619,0.00026265631445135146,Sell,Neutral
2020-12-17,0.0002570000069681,0.00026409003052034306,Hold,Neutral
2020-12-18,0.0002709999971557,0.0002659224818953567,Hold,Neutral
2020-12-19,0.0002669999958015,0.00026432900121784163,Sell,Neutral
2020-12-20,0.0002650000096764,0.00026456628345190717,Hold,Neutral
2020-12-21,0.0003119999892078,0.0002947471504901071,Buy,Neutral
2020-12-22,0.0002690000110305,0.0002921987999821676,Hold,Neutral
2020-12-23,0.0002460000105202,0.0002594163127836621,Hold,Neutral
2020-12-24,0.0002579999854788,0.0002659933392778909,Buy,Neutral
2020-12-25,0.0002749999985098,0.00026930486207363735,Buy,Neutral
2020-12-26,0.0003030000079888,0.0002948512415760914,Hold,Neutral
2020-12-27,0.00023799999326,0.0002621802544630742,Sell,Neutral
2020-12-28,0.0002180000010412,0.0002470254041785876,Hold,Neutral
2020-12-29,0.0003980000037699,0.00031928145279930134,Buy,Neutral
2020-12-30,0.0015050000511109,0.0010726785686315226,Buy,Overbought
2020-12-31,0.0014420000370591,0.0013045981766603007,Hold,Overbought
2021-01-01,0.0010280000278726,0.0012003374169093682,Hold,Neutral
2021-01-02,0.0011289999820291,0.0012273299073433937,Buy,Neutral
2021-01-03,0.0010999999940395,0.0012247638233370867,Buy,Neutral
2021-01-04,0.0013999999500811,0.0013546042058944464,Buy,Overbought
2021-01-05,0.0014570000348612,0.0014145538253009105,Buy,Overbought
2021-01-06,0.0013139999937266,0.0012976419360786265,Hold,Neutral
2021-01-07,0.0012390000047162,0.001227692968939076,Hold,Neutral
2021-01-08,0.0013119999784976,0.001286523336265035,Buy,Neutral
2021-01-09,0.0014809999847784,0.0013900028385036318,Buy,Neutral
2021-01-10,0.0013109999708831,0.0013663107995398982,Hold,Neutral
2021-01-11,0.0010600000387057,0.0011622297483496829,Hold,Neutral
2021-01-12,0.0010930000571534,0.00117396601297136,Buy,Neutral
2021-01-13,0.0011210000375285,0.0011884364370599262,Hold,Neutral
2021-01-14,0.0011690000537782,0.0012207279321447232,Hold,Neutral
2021-01-15,0.001202999963425,0.0011811206447746238,Hold,Neutral
2021-01-16,0.0011919999960809,0.0012254992825402229,Hold,Neutral
2021-01-17,0.0011630000080913,0.0012373295890745833,Hold,Neutral
2021-01-18,0.0011320000048726,0.0011960841881832234,Hold,Neutral
2021-01-19,0.0011350000277161,0.0011925624545667296,Hold,Neutral
2021-01-20,0.0011599999852478,0.00121651638917367,Hold,Neutral
2021-01-21,0.0011950000189244,0.0012873832933328491,Hold,Neutral
2021-01-22,0.0012479999568313,0.0013025396731598954,Hold,Neutral
2021-01-23,0.0011790000135079,0.0013131545418132774,Hold,Neutral
2021-01-24,0.0014159999554976,0.0014976892775822267,Buy,Neutral
2021-01-25,0.0013689999468624,0.0015308484059513036,Buy,Neutral
2021-01-26,0.0015549999661743,0.0015399339615563778,Buy,Neutral
2021-01-27,0.0013660000404343,0.001635505361098509,Buy,Neutral
2021-01-28,0.0016220000106841,0.001696079533911552,Buy,Neutral
2021-01-29,0.0035850000567734,0.0029431093592483704,Buy,Overbought
2021-01-30,0.0031520000193268,0.0030692776846909737,Hold,Overbought
2021-01-31,0.0030730001162737,0.0035071518632624394,Buy,Overbought
2021-02-01,0.002995999995619,0.003568587296358119,Buy,Overbought
2021-02-02,0.0043130000121891,0.004088844284021947,Buy,Overbought
2021-02-03,0.0068879998289048,0.006092491368719044,Buy,Overbought
2021-02-04,0.006434999871999,0.006652315272877197,Hold,Overbought
2021-02-05,0.0071760001592338,0.007025541064592395,Buy,Overbought
2021-02-06,0.0090789999812841,0.0094968109517958,Buy,Overbought
2021-02-07,0.0116619998589158,0.010610940192317326,Buy,Overbought
2021-02-08,0.0174860004335641,0.014757896869046487,Buy,Overbought
2021-02-09,0.015956999734044,0.016686897467029952,Hold,Overbought
2021-02-10,0.0149539997801184,0.016189887866157507,Buy,Overbought
2021-02-11,0.013574999757111,0.014654239073512704,Hold,Overbought
2021-02-12,0.0130839999765157,0.014148706624332739,Buy,Overbought
2021-02-13,0.013859000056982,0.014287247125433514,Buy,Overbought
2021-02-14,0.0141970003023743,0.014423839435304404,Buy,Overbought
2021-02-15,0.0136709995567798,0.01470939295283473,Buy,Neutral
2021-02-16,0.0158200003206729,0.014614042910012564,Buy,Overbought
2021-02-17,0.0164279993623495,0.01707944553943956,Buy,Overbought
2021-02-18,0.0181319992989301,0.017701297823707888,Buy,Overbought
2021-02-19,0.0176040008664131,0.01985774336526773,Buy,Overbought
2021-02-20,0.0177539996802806,0.01817775709897712,Buy,Overbought
2021-02-21,0.0169939994812011,0.017608080951599554,Hold,Overbought
2021-02-22,0.016109999269247,0.01698658237603132,Hold,Neutral
2021-02-23,0.0157169997692108,0.016679614926825154,Buy,Neutral
2021-02-24,0.0221779998391866,0.0189590905823578,Buy,Overbought
2021-02-25,0.0242769997566938,0.024172025126128212,Buy,Overbought
2021-02-26,0.0269799996167421,0.02696856324390995,Buy,Overbought
2021-02-27,0.0324189998209476,0.03013570656334019,Buy,Overbought
2021-02-28,0.0291000008583068,0.030606792878700505,Hold,Overbought
2021-03-01,0.0277820006012916,0.029450229420471326,Buy,Overbought
2021-03-02,0.0260300002992153,0.026778884325662885,Hold,Neutral
2021-03-03,0.0305729992687702,0.028321371548627673,Buy,Overbought
2021-03-04,0.0299299992620944,0.030455852484095353,Hold,Overbought
2021-03-05,0.0319279991090297,0.0306500831840834,Buy,Overbought
2021-03-06,0.0322740003466606,0.031212379350402653,Hold,Overbought
2021-03-07,0.0311650000512599,0.031024444214161066,Hold,Neutral
2021-03-08,0.0303520001471042,0.03071057744652636,Hold,Neutral
2021-03-09,0.0307759996503591,0.030605860625426043,Hold,Neutral
2021-03-10,0.033245000988245,0.031408630725817926,Buy,Overbought
2021-03-11,0.0313239991664886,0.03357102816208126,Hold,Neutral
2021-03-12,0.0302460007369518,0.03102173792583366,Hold,Neutral
2021-03-13,0.0304990001022815,0.030505459842937746,Hold,Neutral
2021-03-14,0.0292629990726709,0.029974490201289443,Hold,Neutral
2021-03-15,0.0288120005279779,0.028877030769684255,Sell,Neutral
2021-03-16,0.0272039994597435,0.02720500523171852,Sell,Neutral
2021-03-17,0.0258990004658699,0.02671492218528061,Sell,Neutral
2021-03-18,0.0257329996675252,0.025275421482290214,Sell,Neutral
2021-03-19,0.0255559999495744,0.025371755171684437,Sell,Neutral
2021-03-20,0.0259809996932744,0.02526323427236059,Sell,Neutral
2021-03-21,0.0245340000838041,0.02516307254057229,Sell,Neutral
2021-03-22,0.0228209998458623,0.024293626307619807,Hold,Neutral
2021-03-23,0.0239400006830692,0.02508291273016423,Hold,Neutral
2021-03-24,0.0227010007947683,0.024282834547630125,Hold,Neutral
2021-03-25,0.0237959995865821,0.023657289379797927,Hold,Neutral
2021-03-26,0.026750000193715,0.024491833996612745,Hold,Neutral
2021-03-27,0.0280370004475116,0.026846456622148792,Hold,Neutral
2021-03-28,0.0287870001047849,0.027828101832377484,Hold,Neutral
2021-03-29,0.0279040001332759,0.02792558793739543,Hold,Neutral
2021-03-30,0.0263800006359815,0.026780786613384663,Hold,Neutral
2021-03-31,0.0259899999946355,0.025611507980553953,Hold,Neutral
2021-04-01,0.023726999759674,0.025285152244176396,Hold,Neutral
2021-04-02,0.0256910007447004,0.024527731026452414,Buy,Neutral
2021-04-03,0.0249530002474784,0.025293785245792046,Sell,Neutral
2021-04-04,0.0244549997150897,0.025245386938965567,Hold,Neutral
2021-04-05,0.0228669997304677,0.02417572432556687,Sell,Neutral
2021-04-06,0.0256890002638101,0.02422599534046884,Hold,Neutral
2021-04-07,0.0252849999815225,0.025411118428277802,Sell,Neutral
2021-04-08,0.0251119993627071,0.025448442414875018,Hold,Neutral
2021-04-09,0.0273049995303154,0.026061249318658518,Hold,Neutral
2021-04-10,0.0268300008028745,0.026784474030114306,Hold,Neutral
2021-04-11,0.026580000296235,0.02625147369695684,Hold,Neutral
2021-04-12,0.0256469994783401,0.025524400812582403,Hold,Neutral
2021-04-13,0.0253870002925395,0.025383816209424138,Hold,Neutral
2021-04-14,0.0263570006936788,0.025422263026174313,Hold,Neutral
2021-04-15,0.0258230008184909,0.02542710208560617,Hold,Neutral
2021-04-16,0.0247360002249479,0.02530748555436795,Hold,Neutral
2021-04-17,0.0259039998054504,0.025108282055634937,Buy,Neutral
2021-04-18,0.0244830008596181,0.025316900326998282,Sell,Neutral
2021-04-19,0.0245329998433589,0.024142463496337786,Sell,Neutral
2021-04-20,0.0265529993921518,0.024927147233574063,Hold,Neutral
2021-04-21,0.0244280006736516,0.025352715914822098,Sell,Neutral
2021-04-22,0.0228920001536607,0.0236758271961821,Sell,Neutral
2021-04-23,0.0231389999389648,0.023240418932066277,Hold,Neutral
2021-04-24,0.0206289999186992,0.022497324124834343,Sell,Neutral
2021-04-25,0.0213849991559982,0.0206584007931232,Hold,Neutral
2021-04-26,0.0223079994320869,0.0217102643623274,Hold,Neutral
2021-04-27,0.0211750008165836,0.02146151224526348,Sell,Neutral
2021-04-28,0.0199779998511075,0.021157638519215944,Hold,Neutral
2021-04-29,0.0189670007675886,0.019568110905272957,Sell,Neutral
2021-04-30,0.0207690000534057,0.019758745171473437,Hold,Neutral
2021-05-01,0.0208439994603395,0.02091707434463083,Hold,Neutral
2021-05-02,0.01978600025177,0.020516451276538287,Sell,Neutral
2021-05-03,0.01953100040555,0.019245039636811373,Sell,Neutral
2021-05-04,0.0200089998543262,0.019383607255742417,Hold,Neutral
2021-05-05,0.0194070003926754,0.019133575501114594,Sell,Neutral
2021-05-06,0.0186749994754791,0.018772161314558146,Sell,Neutral
2021-05-07,0.0183439999818801,0.018588891660600113,Hold,Neutral
2021-05-08,0.0182559993118047,0.018793829927018613,Hold,Neutral
2021-05-09,0.0174090005457401,0.01836174006862808,Hold,Neutral
2021-05-10,0.0155379995703697,0.016381373447986382,Sell,Oversold
2021-05-11,0.0151129998266696,0.016602200559863212,Hold,Oversold
2021-05-12,0.0133170001208782,0.014040116082559244,Sell,Oversold
2021-05-13,0.0136590003967285,0.013683746703988009,Hold,Oversold
2021-05-14,0.0139250000938773,0.01379351077339096,Hold,Oversold
2021-05-15,0.0140129998326301,0.013773986425643784,Sell,Oversold
2021-05-16,0.0162579994648695,0.014315655960200067,Hold,Neutral
2021-05-17,0.015506999567151,0.01647679897082989,Hold,Neutral
2021-05-18,0.0172070004045963,0.017475921816511385,Hold,Neutral
2021-05-19,0.0134589998051524,0.01588963077603504,Sell,Neutral
2021-05-20,0.0125660002231597,0.01284750604687291,Sell,Neutral
2021-05-21,0.0124070001766085,0.012474247446533695,Hold,Neutral
2021-05-22,0.0116410003975033,0.01233494484588845,Hold,Neutral
2021-05-23,0.010037999600172,0.011273898465788383,Sell,Oversold
2021-05-24,0.0122969998046755,0.011038431978878705,Hold,Neutral
2021-05-25,0.0119570000097155,0.012429817149299376,Hold,Neutral
2021-05-26,0.0131109999492764,0.012396250223822083,Hold,Neutral
2021-05-27,0.0116100003942847,0.012331674160084249,Sell,Neutral
2021-05-28,0.0110090002417564,0.011320943465721767,Sell,Neutral
2021-05-29,0.0104820001870393,0.011155949818229509,Hold,Neutral
2021-05-30,0.0108589995652437,0.01104894823300147,Hold,Neutral
2021-05-31,0.0124300001189112,0.01141411166842219,Hold,Neutral
2021-06-01,0.0126700000837445,0.012292741943117842,Sell,Neutral
2021-06-02,0.0121389999985694,0.012176257072488577,Sell,Neutral
2021-06-03,0.0125789996236562,0.012073129744561262,Hold,Neutral
2021-06-04,0.0114529998973011,0.012140824526936685,Hold,Neutral
2021-06-05,0.0124979997053742,0.01154934137176906,Hold,Neutral
2021-06-06,0.0144140003249049,0.012724024233930466,Buy,Neutral
2021-06-07,0.0121839996427297,0.012511466603513243,Hold,Neutral
2021-06-08,0.0109839998185634,0.01190056659241193,Hold,Neutral
2021-06-09,0.0111450003460049,0.011089936485248881,Hold,Neutral
2021-06-10,0.0109729999676346,0.011020707812034609,Hold,Neutral
2021-06-11,0.0101049998775124,0.010732185336379043,Sell,Neutral
2021-06-12,0.009974000044167,0.010190843146819234,Hold,Neutral
2021-06-13,0.0100919995456933,0.009845785004926954,Sell,Neutral
2021-06-14,0.0100170001387596,0.010194687602720087,Hold,Neutral
2021-06-15,0.0100530004128813,0.009831061929665983,Sell,Neutral
2021-06-16,0.0096070002764463,0.01020203588140807,Hold,Neutral
2021-06-17,0.0091099999845027,0.009522410577719192,Hold,Neutral
2021-06-18,0.0095950001850724,0.009559390875771755,Hold,Neutral
2021-06-19,0.0098959999158978,0.009556303954972343,Hold,Neutral
2021-06-20,0.0089579997584223,0.009268661656328631,Sell,Neutral
2021-06-21,0.0070039997808635,0.008163835854246364,Sell,Neutral
2021-06-22,0.0063390000723302,0.0071322531670054345,Hold,Oversold
2021-06-23,0.0065939999185502,0.00682344639427862,Hold,Neutral
2021-06-24,0.006535000167787,0.006756536799512055,Hold,Oversold
2021-06-25,0.0067340000532567,0.006814526543889186,Hold,Neutral
2021-06-26,0.0069200000725686,0.00681116404870496,Hold,Neutral
2021-06-27,0.0073429998010396,0.006842647023503548,Sell,Neutral
2021-06-28,0.0084109995514154,0.00820314861139805,Hold,Neutral
2021-06-29,0.0085420003160834,0.008377033144717555,Hold,Neutral
2021-06-30,0.0087099997326731,0.008479003241754011,Hold,Neutral
2021-07-01,0.008573000319302,0.00845855808143867,Hold,Neutral
2021-07-02,0.0082149999216198,0.0083682850049307,Hold,Neutral
2021-07-03,0.0091899996623396,0.008490342205027517,Buy,Neutral
2021-07-04,0.0090880002826452,0.009005349317015032,Hold,Neutral
2021-07-05,0.008441999554634,0.008902057422734283,Hold,Neutral
2021-07-06,0.0081740003079175,0.008329099645122136,Hold,Neutral
2021-07-07,0.0080679999664425,0.008140097124517819,Hold,Neutral
2021-07-08,0.007503000088036,0.007956345089891187,Hold,Neutral
2021-07-09,0.0076319999061524,0.007920745941325155,Hold,Neutral
2021-07-10,0.0079979998990893,0.00811367664596768,Hold,Neutral
2021-07-11,0.0084130000323057,0.008398010515300229,Hold,Neutral
2021-07-12,0.0080530000850558,0.008606433729436385,Hold,Neutral
2021-07-13,0.0128140002489089,0.010429433549375623,Buy,Neutral
2021-07-14,0.0149170001968741,0.014484893166643167,Buy,Overbought
2021-07-15,0.014852000400424,0.014154334826345673,Hold,Overbought
2021-07-16,0.0120810000225901,0.012887765018232295,Hold,Neutral
2021-07-17,0.0121759995818138,0.012448637030373744,Buy,Neutral
2021-07-18,0.0134420003741979,0.013051717076552108,Buy,Neutral
2021-07-19,0.0118859997019171,0.012724962793374968,Hold,Neutral
2021-07-20,0.0104520004242658,0.011618889509851477,Hold,Neutral
2021-07-21,0.0117969997227191,0.011327286934424006,Buy,Neutral
2021-07-22,0.0100320000201463,0.01134973633104248,Hold,Neutral
2021-07-23,0.0104890000075101,0.010741239094160247,Hold,Neutral
2021-07-24,0.0165270008146762,0.0139879745289043,Buy,Neutral
2021-07-25,0.018810000270605,0.017792460076418267,Buy,Neutral
2021-07-26,0.0186269991099834,0.019593117752056407,Buy,Neutral
2021-07-27,0.0253309998661279,0.022195154946916384,Buy,Overbought
2021-07-28,0.0282729994505643,0.027423155997106128,Buy,Overbought
2021-07-29,0.0248269997537136,0.02747101510953782,Hold,Neutral
2021-07-30,0.0217969994992017,0.024564314222979743,Hold,Neutral
2021-07-31,0.0254149995744228,0.024382338220100865,Buy,Neutral
2021-08-01,0.0228129997849464,0.02490435596844687,Hold,Neutral
2021-08-02,0.0197540000081062,0.022323760839438253,Hold,Neutral
2021-08-03,0.0180249996483325,0.019197948222208813,Hold,Neutral
2021-08-04,0.0203750003129243,0.020298494345999615,Buy,Neutral
2021-08-05,0.0197839997708797,0.020130313826571055,Hold,Neutral
2021-08-06,0.0176149997860193,0.018778465070225136,Sell,Neutral
2021-08-07,0.0174029991030693,0.01773236303372968,Hold,Neutral
2021-08-08,0.0183169990777969,0.017458213104649206,Hold,Neutral
2021-08-09,0.0180699992924928,0.01845056800115353,Hold,Neutral
2021-08-10,0.0211079996079206,0.020480611967883373,Hold,Neutral
2021-08-11,0.0245040003210306,0.024540913138644056,Hold,Neutral
2021-08-12,0.0213690008968114,0.02441819096987119,Hold,Neutral
2021-08-13,0.0206950008869171,0.021829148747909543,Buy,Neutral
2021-08-14,0.0191130004823207,0.020432225649395605,Hold,Neutral
2021-08-15,0.0184540003538131,0.019024100863584737,Hold,Neutral
2021-08-16,0.0185470003634691,0.018974001898816185,Buy,Neutral
2021-08-17,0.0203009992837905,0.01944141173179223,Hold,Neutral
2021-08-18,0.0199590008705854,0.01984759184009441,Sell,Neutral
2021-08-19,0.0208090003579854,0.01982369210802738,Hold,Neutral
2021-08-20,0.021196000277996,0.020881028666876862,Hold,Neutral
2021-08-21,0.0204860009253025,0.021635315272784526,Buy,Neutral
2021-08-22,0.0256919991225004,0.023190180712055,Buy,Neutral
2021-08-23,0.0271600000560283,0.026154230088613985,Buy,Neutral
2021-08-24,0.0275129992514848,0.027277791931888798,Hold,Neutral
2021-08-25,0.0290699992328882,0.027745511141749356,Hold,Neutral
2021-08-26,0.0325470007956028,0.030176822965330388,Buy,Overbought
2021-08-27,0.0312700010836124,0.030714900321622763,Hold,Neutral
2021-08-28,0.0299440007656812,0.030189986963661233,Hold,Neutral
2021-08-29,0.0292879994958639,0.029741553926391124,Hold,Neutral
2021-08-30,0.0266970004886388,0.02858944697221456,Hold,Neutral
2021-08-31,0.0250259991735219,0.02576941595282765,Hold,Neutral
2021-09-01,0.0262739993631839,0.025503605289471792,Buy,Neutral
2021-09-02,0.0255939997732639,0.02547112764364518,Hold,Neutral
2021-09-03,0.023972999304533,0.02521309122469363,Sell,Neutral
2021-09-04,0.0237509999424219,0.02394496286374257,Hold,Neutral
2021-09-05,0.0240219999104738,0.023689065469520865,Hold,Neutral
2021-09-06,0.0239330008625984,0.023576409967459314,Sell,Neutral
2021-09-07,0.0230429992079734,0.023383914006227368,Sell,Neutral
2021-09-08,0.0211180001497268,0.021940585189477325,Sell,Neutral
2021-09-09,0.0220470000058412,0.02134350741977641,Hold,Neutral
2021-09-10,0.0210040006786584,0.02144490978983971,Sell,Neutral
2021-09-11,0.0211909990757703,0.024334939986997005,Hold,Neutral
2021-09-12,0.0210280008614063,0.021265807395876593,Hold,Neutral
2021-09-13,0.0472670011222362,0.037564583995252795,Buy,Overbought
2021-09-14,0.044124998152256,0.0488915537662399,Buy,Overbought
2021-09-15,0.0519899986684322,0.04727279832496558,Buy,Overbought
2021-09-16,0.1012850031256675,0.07739158023173215,Buy,Overbought
2021-09-17,0.1174810007214546,0.10792686410081882,Buy,Overbought
2021-09-18,0.1158720031380653,0.12684887347456134,Buy,Overbought
2021-09-19,0.1099520027637481,0.12625838898725536,Buy,Overbought
2021-09-20,0.0893340036273002,0.10167669544917667,Hold,Neutral
2021-09-21,0.0992479994893074,0.08894762055735843,Hold,Overbought
2021-09-22,0.1076370030641555,0.10261630007240384,Buy,Overbought
2021-09-23,0.1129119992256164,0.10630509561544597,Hold,Overbought
2021-09-24,0.097240999341011,0.10350729491911373,Hold,Neutral
2021-09-25,0.0926399976015091,0.09553459221631197,Hold,Neutral
2021-09-26,0.087907001376152,0.09499571297014184,Buy,Neutral
2021-09-27,0.0843250006437301,0.08586957535243793,Hold,Neutral
2021-09-28,0.0764390006661415,0.0829057524405858,Sell,Neutral
2021-09-29,0.0837140008807182,0.08547648859726595,Hold,Neutral
2021-09-30,0.1000159978866577,0.09251565387172767,Hold,Neutral
2021-10-01,0.1010999977588653,0.10266768475112274,Hold,Neutral
2021-10-02,0.1017220020294189,0.10541938098292437,Hold,Neutral
2021-10-03,0.1142999976873397,0.10823548766052976,Buy,Neutral
2021-10-04,0.1136130020022392,0.11534265215996015,Hold,Neutral
2021-10-05,0.104771003127098,0.10807310724055352,Hold,Neutral
2021-10-06,0.0993610024452209,0.10178802949482008,Hold,Neutral
2021-10-07,0.0963340029120445,0.09886461934308682,Hold,Neutral
2021-10-08,0.0995540022850036,0.09819112536549249,Buy,Neutral
2021-10-09,0.0990950018167495,0.09898422646042956,Hold,Neutral
2021-10-10,0.0905859991908073,0.09335424070184169,Hold,Neutral
2021-10-11,0.0888760015368461,0.091226481261644,Hold,Neutral
2021-10-12,0.0860320031642913,0.08694921888759882,Sell,Neutral
2021-10-13,0.0846609994769096,0.08625554687864108,Hold,Neutral
2021-10-14,0.0914440006017685,0.08815471998530175,Hold,Neutral
2021-10-15,0.0888250023126602,0.09116608992118687,Hold,Neutral
2021-10-16,0.0865259990096092,0.08589871725133987,Sell,Neutral
2021-10-17,0.0837839990854263,0.08492478513304819,Sell,Neutral
2021-10-18,0.0834330022335052,0.08460158485389185,Hold,Neutral
2021-10-19,0.083246998488903,0.08421286445738184,Hold,Neutral
2021-10-20,0.0865959972143173,0.08520616470052784,Hold,Neutral
2021-10-21,0.0833809971809387,0.08438029238976111,Sell,Neutral
2021-10-22,0.083757996559143,0.08441642421712318,Hold,Neutral
2021-10-23,0.0843729972839355,0.08479880406455552,Hold,Neutral
2021-10-24,0.0816439986228942,0.08422001523698068,Hold,Neutral
2021-10-25,0.0846640020608902,0.08384066510700215,Hold,Neutral
2021-10-26,0.0900710001587867,0.0862381787414211,Hold,Neutral
2021-10-27,0.0749050006270408,0.08278494618219968,Sell,Neutral
2021-10-28,0.0811330005526542,0.08019952061111896,Hold,Neutral
2021-10-29,0.0921029970049858,0.08820186184838415,Buy,Neutral
2021-10-30,0.1038680002093315,0.09916907648543288,Buy,Neutral
2021-10-31,0.095441997051239,0.10087674247617898,Hold,Neutral
2021-11-01,0.0910449996590614,0.0937371431468725,Hold,Neutral
2021-11-02,0.0979579985141754,0.09480608900703072,Buy,Neutral
2021-11-03,0.0952289998531341,0.09566716117267687,Hold,Neutral
2021-11-04,0.0920559987425804,0.09349906015958663,Hold,Neutral
2021-11-05,0.0915300026535987,0.09240364618084694,Hold,Neutral
2021-11-06,0.0905579999089241,0.09156306230965618,Hold,Neutral
2021-11-07,0.090657003223896,0.08984341752957109,Hold,Neutral
2021-11-08,0.0927959978580474,0.09066871276742423,Hold,Neutral
2021-11-09,0.0889810025691986,0.09125081608264032,Sell,Neutral
2021-11-10,0.082065999507904,0.08415643483268145,Sell,Neutral
2021-11-11,0.0862480029463768,0.0848289424516176,Hold,Neutral
2021-11-12,0.0840940028429031,0.08576632318439226,Hold,Neutral
2021-11-13,0.0940840020775795,0.08883616931795839,Hold,Neutral
2021-11-14,0.0933659970760345,0.09540003908684329,Hold,Neutral
2021-11-15,0.1267839968204498,0.10649111314756034,Buy,Overbought
2021-11-16,0.1150519996881485,0.11916923146643231,Hold,Neutral
2021-11-17,0.2305119931697845,0.17131013529701175,Buy,Overbought
2021-11-18,0.232243001461029,0.22428754941931522,Hold,Overbought
2021-11-19,0.2344619929790496,0.25552116281436477,Buy,Overbought
2021-11-20,0.3529039919376373,0.3123892965624657,Buy,Overbought
2021-11-21,0.3703959882259369,0.36176407923338777,Buy,Overbought
2021-11-22,0.3911370038986206,0.3811007057482329,Buy,Overbought
2021-11-23,0.3769409954547882,0.3756865552837808,Hold,Overbought
2021-11-24,0.4286890029907226,0.39918468966395515,Buy,Overbought
2021-11-25,0.673317015171051,0.5693005937423831,Buy,Overbought
2021-11-26,0.7088090181350708,0.6497347577307879,Hold,Overbought
2021-11-27,0.6643810272216797,0.6478975990408916,Hold,Overbought
2021-11-28,0.7120890021324158,0.6464127544479986,Hold,Overbought
2021-11-29,0.6514919996261597,0.6507599208469713,Hold,Overbought
2021-11-30,0.6207489967346191,0.6508813558922213,Hold,Overbought
2021-12-01,0.6455680131912231,0.6507052749869817,Buy,Overbought
2021-12-02,0.59375,0.6304550257501035,Hold,Neutral
2021-12-03,0.5063959956169128,0.5360279174965651,Hold,Neutral
2021-12-04,0.5576859712600708,0.5350083382042028,Buy,Neutral
2021-12-05,0.4876289963722229,0.5054737880462676,Sell,Neutral
2021-12-06,0.5103650093078613,0.5030299915767844,Hold,Neutral
2021-12-07,0.4784559905529022,0.49790715739729746,Sell,Neutral
2021-12-08,0.5026260018348694,0.499149429284947,Hold,Neutral
2021-12-09,0.4952169954776764,0.5012880197319667,Hold,Neutral
2021-12-10,0.4812470078468323,0.508305779031708,Hold,Neutral
2021-12-11,0.5625759959220886,0.528380400779554,Hold,Neutral
2021-12-12,0.5912579894065857,0.5481442696235002,Sell,Neutral
2021-12-13,0.5060480237007141,0.5131565778860113,Sell,Neutral
2021-12-14,0.501800000667572,0.5135402918159285,Hold,Neutral
2021-12-15,0.5007550120353699,0.49263176615874843,Hold,Neutral
2021-12-16,0.4676229953765869,0.4864426891865912,Sell,Neutral
2021-12-17,0.4524149894714355,0.4548349504071044,Sell,Neutral
2021-12-18,0.4656299948692322,0.4530574992700669,Hold,Neutral
2021-12-19,0.4437569975852966,0.44889695422779957,Sell,Neutral
2021-12-20,0.4293369948863983,0.44476722929491247,Hold,Neutral
2021-12-21,0.4412760138511657,0.4418833609679381,Hold,Neutral
2021-12-22,0.4380240142345428,0.44727121896879973,Hold,Neutral
2021-12-23,0.5131829977035522,0.4697637782620984,Hold,Neutral
2021-12-24,0.4720950126647949,0.4879132539985487,Sell,Neutral
2021-12-25,0.4975590109825134,0.4869658118951902,Hold,Neutral
2021-12-26,0.5114459991455078,0.49490737945904184,Hold,Neutral
2021-12-27,0.5376780033111572,0.5162094121618719,Hold,Neutral
2021-12-28,0.4674850106239319,0.49176233502574873,Hold,Neutral
2021-12-29,0.4495109915733337,0.4564166198622669,Hold,Neutral
2021-12-30,0.4624800086021423,0.455109380956945,Buy,Neutral
2021-12-31,0.4514560103416443,0.4498657961162993,Hold,Neutral
2022-01-01,0.4624350070953369,0.4523895874539172,Hold,Neutral
2022-01-02,0.4569819867610931,0.45278542856632653,Sell,Neutral
2022-01-03,0.4409660100936889,0.44728377429696947,Sell,Neutral
2022-01-04,0.4262180030345917,0.4448966482493441,Hold,Neutral
2022-01-05,0.3789370059967041,0.4127630350089719,Sell,Neutral
2022-01-06,0.3846960067749023,0.38327958424773256,Hold,Neutral
2022-01-07,0.3427790105342865,0.3679309231719211,Sell,Neutral
2022-01-08,0.3152070045471191,0.32554730085456,Sell,Neutral
2022-01-09,0.3280569911003113,0.32067209282244646,Hold,Neutral
2022-01-10,0.3065940141677856,0.322481192923709,Sell,Neutral
2022-01-11,0.3205229938030243,0.31679918794294687,Hold,Neutral
2022-01-12,0.3585860133171081,0.3328629271533828,Hold,Neutral
2022-01-13,0.3258500099182129,0.3361515303692524,Sell,Neutral
2022-01-14,0.3243680000305176,0.32788020783049426,Hold,Neutral
2022-01-15,0.3367150127887726,0.32536943444287736,Hold,Neutral
2022-01-16,0.3281869888305664,0.31769414072103636,Sell,Neutral
2022-01-17,0.3044449985027313,0.3143278762075437,Sell,Neutral
2022-01-18,0.3000699877738952,0.3049678274840347,Hold,Neutral
2022-01-19,0.2783179879188537,0.30147288838089975,Hold,Neutral
2022-01-20,0.2607629895210266,0.2648810591927169,Sell,Neutral
2022-01-21,0.2156559973955154,0.2358690191348333,Sell,Oversold
2022-01-22,0.1812929958105087,0.20605484672295954,Sell,Oversold
2022-01-23,0.1965200006961822,0.18416396557205006,Hold,Oversold
2022-01-24,0.1846600025892257,0.19156800506241628,Sell,Oversold
2022-01-25,0.1871870011091232,0.18851477550886345,Hold,Oversold
2022-01-26,0.210328996181488,0.20019761810158723,Hold,Neutral
2022-01-27,0.1892500072717666,0.1938698080212659,Sell,Neutral
2022-01-28,0.189422994852066,0.19160044655117048,Hold,Neutral
2022-01-29,0.1920080035924911,0.1939134696686184,Hold,Neutral
2022-01-30,0.1900340020656585,0.18962292144627604,Sell,Neutral
2022-01-31,0.1979819983243942,0.19433728518849802,Hold,Neutral
2022-02-01,0.2047960013151168,0.19786649347768848,Hold,Neutral
2022-02-02,0.1874630004167556,0.19556424613538825,Sell,Neutral
2022-02-03,0.1867109984159469,0.2059986507284341,Hold,Neutral
2022-02-04,0.2017930001020431,0.1993802958191115,Buy,Neutral
2022-02-05,0.2907789945602417,0.25960304005024476,Buy,Neutral
2022-02-06,0.3204100131988525,0.3184092249400085,Buy,Neutral
2022-02-07,0.3483799993991852,0.3395410577375515,Buy,Neutral
2022-02-08,0.3801270127296448,0.35584182497609956,Buy,Neutral
2022-02-09,0.3577139973640442,0.37197581545213754,Hold,Neutral
2022-02-10,0.3274239897727966,0.3401619372281889,Hold,Neutral
2022-02-11,0.3056280016899109,0.31246190279701525,Hold,Neutral
2022-02-12,0.3093709945678711,0.3028918941181877,Hold,Neutral
2022-02-13,0.2824060022830963,0.29968925480752306,Hold,Neutral
2022-02-14,0.2956480085849762,0.28695688676572867,Buy,Neutral
2022-02-15,0.3547289967536926,0.3243400310606263,Buy,Neutral
2022-02-16,0.3325920104980469,0.3419182889715532,Hold,Neutral
2022-02-17,0.3006840050220489,0.3187673546050957,Hold,Neutral
2022-02-18,0.2898550033569336,0.3057834950682992,Buy,Neutral
2022-02-19,0.2814610004425049,0.2927984824344657,Hold,Neutral
2022-02-20,0.2507990002632141,0.26905296911280785,Sell,Neutral
2022-02-21,0.2239869982004165,0.23327764586664146,Sell,Neutral
2022-02-22,0.2422229945659637,0.23402910589913975,Hold,Neutral
2022-02-23,0.2190970033407211,0.22851052469074223,Sell,Neutral
2022-02-24,0.2287060022354126,0.22666354703309452,Hold,Neutral
2022-02-25,0.2579039931297302,0.24256839471863048,Hold,Neutral
2022-02-26,0.2485570013523101,0.24822385806803765,Sell,Neutral
2022-02-27,0.2320919930934906,0.2346386193976165,Sell,Neutral
2022-02-28,0.260358989238739,0.24665687010323492,Hold,Neutral
2022-03-01,0.2578920125961303,0.25129282821515747,Sell,Neutral
2022-03-02,0.2544920146465301,0.2511122153469796,Sell,Neutral
2022-03-03,0.2434320002794265,0.2492734983063521,Sell,Neutral
2022-03-04,0.2224690020084381,0.22944128398636213,Hold,Neutral
2022-03-05,0.231346994638443,0.22845764654103018,Hold,Neutral
2022-03-06,0.2168069928884506,0.22400437040149587,Sell,Neutral
2022-03-07,0.2155099958181381,0.21687848983646035,Hold,Neutral
2022-03-08,0.2197359949350357,0.2139822662300481,Hold,Neutral
2022-03-09,0.2335470020771026,0.22674059893624968,Hold,Neutral
2022-03-10,0.2170069962739944,0.22962338253074221,Sell,Neutral
2022-03-11,0.2119249999523162,0.2160355946836322,Hold,Neutral
2022-03-12,0.2140589952468872,0.2116962425265472,Hold,Neutral
2022-03-13,0.2174510061740875,0.21495915858676615,Hold,Neutral
2022-03-14,0.2196239978075027,0.2136223730853818,Sell,Neutral
2022-03-15,0.2152020037174224,0.2219702187555815,Hold,Neutral
2022-03-16,0.2392919957637787,0.22031197236174443,Hold,Neutral
2022-03-17,0.2273319959640503,0.22930535239315258,Hold,Neutral
2022-03-18,0.2310660034418106,0.23108194208617253,Buy,Neutral
2022-03-19,0.2493139952421188,0.24269345543480053,Buy,Neutral
2022-03-20,0.2335609942674636,0.23762653484336074,Hold,Neutral
2022-03-21,0.2359939962625503,0.23763172990109094,Buy,Neutral
2022-03-22,0.241125002503395,0.24452227115594474,Buy,Neutral
2022-03-23,0.2494110018014907,0.24433631048231985,Buy,Neutral
2022-03-24,0.2527619898319244,0.24730288959516725,Hold,Neutral
2022-03-25,0.2449540048837661,0.2519035185724744,Hold,Neutral
2022-03-26,0.2515000104904175,0.2461464397151011,Hold,Neutral
2022-03-27,0.2633660137653351,0.25749655030299173,Buy,Neutral
2022-03-28,0.2631869912147522,0.26104626458010005,Hold,Neutral
2022-03-29,0.2716859877109527,0.2622492785558168,Hold,Neutral
2022-03-30,0.2717640101909637,0.2637827881478115,Hold,Neutral
2022-03-31,0.2537379860877991,0.26049169163754654,Hold,Neutral
2022-04-01,0.2617200016975403,0.2574284227661183,Buy,Neutral
2022-04-02,0.2550419867038727,0.25518656333309353,Hold,Neutral
2022-04-03,0.2654930055141449,0.2551368982602861,Hold,Neutral
2022-04-04,0.2566199898719787,0.25699663645989257,Hold,Neutral
2022-04-05,0.2483990043401718,0.2506982438690354,Hold,Neutral
2022-04-06,0.2196229994297027,0.22851519482368718,Sell,Neutral
2022-04-07,0.2282440066337585,0.22465761562002373,Hold,Neutral
2022-04-08,0.2135960012674331,0.22367514631549373,Sell,Neutral
2022-04-09,0.2259670048952102,0.21836124844534907,Hold,Neutral
2022-04-10,0.2156179994344711,0.22384490100663762,Hold,Neutral
2022-04-11,0.1921669989824295,0.2069297626985433,Sell,Neutral
2022-04-12,0.2018440067768097,0.20453302516808108,Hold,Neutral
2022-04-13,0.20694200694561,0.20772123627725292,Hold,Neutral
2022-04-14,0.1978089958429336,0.19941023882604728,Sell,Neutral
2022-04-15,0.2016270011663437,0.20032928756921006,Hold,Neutral
2022-04-16,0.2030020058155059,0.20063172504197335,Hold,Neutral
2022-04-17,0.1925269961357116,0.1962229386247568,Sell,Neutral
2022-04-18,0.1948309987783432,0.19549978874564897,Hold,Neutral
2022-04-19,0.199654996395111,0.1984310439096878,Hold,Neutral
2022-04-20,0.1957599967718124,0.19495950998019942,Sell,Neutral
2022-04-21,0.1895110011100769,0.19439134906051328,Hold,Neutral
2022-04-22,0.1923640072345733,0.1924658587844227,Hold,Neutral
2022-04-23,0.188059002161026,0.1951130318178909,Hold,Neutral
2022-04-24,0.1863880008459091,0.1932243085925732,Hold,Neutral
2022-04-25,0.1825959980487823,0.19768730410950475,Hold,Neutral
2022-04-26,0.1641360074281692,0.17609456653856764,Sell,Oversold
2022-04-27,0.1731059998273849,0.16232465465397108,Sell,Neutral
2022-04-28,0.1690499931573867,0.1602197865441839,Sell,Neutral
2022-04-29,0.1550599932670593,0.15140650413224124,Sell,Oversold
2022-04-30,0.1315770000219345,0.14400822096744995,Sell,Oversold
2022-05-01,0.142994999885559,0.1466716260922177,Hold,Neutral
2022-05-02,0.1357669979333877,0.1431141533188039,Hold,Oversold
2022-05-03,0.1364839971065521,0.14154195650039683,Hold,Oversold
2022-05-04,0.161759003996849,0.1485609100218883,Hold,Neutral
2022-05-05,0.1392530053853988,0.140476669638204,Sell,Neutral
2022-05-06,0.1439670026302337,0.13893832068489853,Hold,Neutral
2022-05-07,0.1356649994850158,0.13811870323507514,Sell,Neutral
2022-05-08,0.130414992570877,0.13776838250749557,Hold,Neutral
2022-05-09,0.1059219986200332,0.1266311551345838,Sell,Oversold
2022-05-10,0.1092590019106864,0.11620763841348686,Hold,Neutral
2022-05-11,0.0649550035595893,0.08264022678096258,Sell,Oversold
2022-05-12,0.0684959962964057,0.07105051860925685,Hold,Oversold
2022-05-13,0.0917069986462593,0.07924475517917852,Hold,Neutral
2022-05-14,0.1004929989576339,0.09684230475418416,Hold,Neutral
2022-05-15,0.1005590036511421,0.09960623262691237,Hold,Neutral
2022-05-16,0.0857490003108978,0.09415851273280326,Sell,Neutral
2022-05-17,0.0893950015306472,0.08434810741497742,Sell,Neutral
2022-05-18,0.0774720013141632,0.08032135901619601,Sell,Neutral
2022-05-19,0.0860730037093162,0.0820187055708495,Hold,Neutral
2022-05-20,0.0822699964046478,0.08367151789221766,Sell,Neutral
2022-05-21,0.0858239978551864,0.0839758666804708,Hold,Neutral
2022-05-22,0.0853319987654686,0.08501796141517926,Hold,Neutral
2022-05-23,0.0799579992890358,0.08355048515027677,Sell,Neutral
2022-05-24,0.0834750011563301,0.08251644579799362,Hold,Neutral
2022-05-25,0.080095000565052,0.08048850824256693,Sell,Neutral
2022-05-26,0.073352001607418,0.07878402418961689,Sell,Neutral
2022-05-27,0.0700599998235702,0.0749680670215992,Hold,Neutral
2022-05-28,0.0725210011005401,0.07491821378157881,Hold,Neutral
2022-05-29,0.0784970000386238,0.07709662817366042,Hold,Neutral
2022-05-30,0.0840549990534782,0.0811674511810971,Hold,Neutral
2022-05-31,0.0828820019960403,0.08163418211992013,Sell,Neutral
2022-06-01,0.0737090036273002,0.07703999852469354,Sell,Neutral
2022-06-02,0.0763999968767166,0.07545549104366671,Hold,Neutral
2022-06-03,0.0736899971961975,0.07637894248784832,Hold,Neutral
2022-06-04,0.0745489969849586,0.07550588869687071,Hold,Neutral
2022-06-05,0.0745600014925003,0.07740182087967103,Hold,Neutral
2022-06-06,0.0880469977855682,0.07945452228511525,Hold,Neutral
2022-06-07,0.078414000570774,0.07922261316992849,Hold,Neutral
2022-06-08,0.0751120001077652,0.07702845841620168,Hold,Neutral
2022-06-09,0.0759660005569458,0.07528035211367863,Hold,Neutral
2022-06-10,0.0691339969635009,0.07362010401232283,Hold,Neutral
2022-06-11,0.0625279992818832,0.0664870665996028,Sell,Neutral
2022-06-12,0.0576159991323947,0.060252359335702374,Sell,Neutral
2022-06-13,0.0594989992678165,0.0592386331540566,Hold,Neutral
2022-06-14,0.0610760003328323,0.060479899363044334,Hold,Neutral
2022-06-15,0.0653290003538131,0.06260573135567155,Hold,Neutral
2022-06-16,0.0550730004906654,0.060470640026750545,Sell,Neutral
2022-06-17,0.0568780004978179,0.05567320693597094,Hold,Neutral
2022-06-18,0.0534039996564388,0.05486636757059817,Sell,Neutral
2022-06-19,0.0562190003693103,0.0556211194483954,Hold,Neutral
2022-06-20,0.0565680004656314,0.05561450237027699,Sell,Neutral
2022-06-21,0.0560300014913082,0.05565419896380428,Sell,Neutral
2022-06-22,0.0541799999773502,0.055065107751563154,Sell,Neutral
2022-06-23,0.0577609986066818,0.05625440155088105,Hold,Neutral
2022-06-24,0.0620899982750415,0.05967487074510773,Hold,Neutral
2022-06-25,0.0690469965338707,0.0650777353326377,Buy,Neutral
2022-06-26,0.0605250000953674,0.06432823400705023,Hold,Neutral
2022-06-27,0.0599699988961219,0.06071543181226098,Hold,Neutral
2022-06-28,0.0566559992730617,0.05915040596134235,Hold,Neutral
2022-06-29,0.0562219992280006,0.05561648263090368,Hold,Neutral
2022-06-30,0.0544059984385967,0.0552908527355757,Sell,Neutral
2022-07-01,0.0516390018165111,0.05308534525814641,Sell,Neutral
2022-07-02,0.0532470010221004,0.052950644935685715,Hold,Neutral
2022-07-03,0.0529999993741512,0.053427813240847805,Hold,Neutral
2022-07-04,0.0553180016577243,0.05350565028316114,Hold,Neutral
2022-07-05,0.0532119981944561,0.05384389313366162,Sell,Neutral
2022-07-06,0.0541809983551502,0.05452630285907275,Hold,Neutral
2022-07-07,0.0570719987154006,0.05506312951528291,Hold,Neutral
2022-07-08,0.0541490018367767,0.05551220308257267,Sell,Neutral
2022-07-09,0.0554860010743141,0.05466411242691373,Hold,Neutral
2022-07-10,0.0531480014324188,0.053618781366973255,Sell,Neutral
2022-07-11,0.0481120012700557,0.050410957314083404,Sell,Neutral
2022-07-12,0.0473139993846416,0.04867237057026862,Hold,Neutral
2022-07-13,0.0488360002636909,0.049141828824439376,Hold,Neutral
2022-07-14,0.0495180003345012,0.04953707302534171,Hold,Neutral
2022-07-15,0.0495930016040802,0.049739123378325145,Hold,Neutral
2022-07-16,0.0508459992706775,0.05092536552922253,Hold,Neutral
2022-07-17,0.0506939999759197,0.04994104563198963,Sell,Neutral
2022-07-18,0.0560300014913082,0.05256397063783009,Hold,Neutral
2022-07-19,0.058348998427391,0.05659109670298713,Buy,Neutral
2022-07-20,0.0536830015480518,0.05780013469912201,Hold,Neutral
2022-07-21,0.0541809983551502,0.054252615144145484,Buy,Neutral
2022-07-22,0.0523120015859603,0.05375919090419212,Hold,Neutral
2022-07-23,0.0538170002400875,0.051705444841104266,Hold,Neutral
2022-07-24,0.0529979988932609,0.05333905111517145,Hold,Neutral
2022-07-25,0.0475209988653659,0.05006020331653996,Hold,Neutral
2022-07-26,0.0476350001990795,0.04842415356903176,Hold,Neutral
2022-07-27,0.0512520000338554,0.04998948515685156,Hold,Neutral
2022-07-28,0.0532549992203712,0.0518274074159502,Hold,Neutral
2022-07-29,0.0549000017344951,0.05402377654018725,Hold,Neutral
2022-07-30,0.0555539987981319,0.054559991657892715,Hold,Neutral
2022-07-31,0.0570980012416839,0.05611151277238201,Buy,Neutral
2022-08-01,0.0648059993982315,0.060775593242392276,Buy,Neutral
2022-08-02,0.0595109984278678,0.061602494147496786,Hold,Neutral
2022-08-03,0.0582000017166137,0.05971850002847529,Hold,Neutral
2022-08-04,0.0590690001845359,0.05821998155908698,Hold,Neutral
2022-08-05,0.0611860007047653,0.059453260950498514,Hold,Neutral
2022-08-06,0.060063999146223,0.06069819503586278,Hold,Neutral
2022-08-07,0.0606640018522739,0.06026640196239954,Hold,Neutral
2022-08-08,0.0621050000190734,0.06081114354067006,Hold,Neutral
2022-08-09,0.0598650015890598,0.06087202272009077,Hold,Neutral
2022-08-10,0.0633900016546249,0.06236681259628478,Buy,Neutral
2022-08-11,0.0621359981596469,0.06276455324190815,Hold,Neutral
2022-08-12,0.0660810023546218,0.06390155071906561,Buy,Neutral
2022-08-13,0.0670280009508133,0.06564116399744103,Hold,Neutral
2022-08-14,0.0705979987978935,0.06668398668349912,Hold,Neutral
2022-08-15,0.0669120028614997,0.06748092769170005,Hold,Neutral
2022-08-16,0.0694260001182556,0.06620514221731627,Hold,Neutral
2022-08-17,0.0630429983139038,0.06511641807980947,Hold,Neutral
2022-08-18,0.0580779984593391,0.0602315387685733,Hold,Neutral
2022-08-19,0.0530150011181831,0.05765457674315704,Hold,Neutral
2022-08-20,0.0522099994122982,0.053095393107485955,Hold,Neutral
2022-08-21,0.0539689995348453,0.05276575527467246,Hold,Neutral
2022-08-22,0.0533769987523555,0.05354914827797346,Hold,Neutral
2022-08-23,0.0542920008301734,0.053966248264052066,Hold,Neutral
2022-08-24,0.054891999810934,0.0539146722972875,Hold,Neutral
2022-08-25,0.0547589994966983,0.05417178220097494,Sell,Neutral
2022-08-26,0.0497249998152256,0.052629519239131194,Sell,Neutral
2022-08-27,0.0507769994437694,0.05131621766132231,Hold,Neutral
2022-08-28,0.0494600012898445,0.050111403138138035,Sell,Neutral
2022-08-29,0.0523179993033409,0.05063238472759687,Hold,Neutral
2022-08-30,0.0507190003991127,0.05072360430655382,Sell,Neutral
2022-08-31,0.050390001386404,0.050241988616516,Hold,Neutral
2022-09-01,0.0505479983985424,0.05022999359529674,Hold,Neutral
2022-09-02,0.0498580001294612,0.050409749115329756,Hold,Neutral
2022-09-03,0.050220001488924,0.050443182327130395,Hold,Neutral
2022-09-04,0.0516129992902278,0.05052732984742907,Hold,Neutral
2022-09-05,0.0509370006620883,0.050744153439216684,Sell,Neutral
2022-09-06,0.0473080016672611,0.049695720101449785,Sell,Neutral
2022-09-07,0.0487370006740093,0.048935928918593816,Hold,Neutral
2022-09-08,0.0490610003471374,0.04950518258876646,Hold,Neutral
2022-09-09,0.0520180016756057,0.05047523479842923,Hold,Neutral
2022-09-10,0.0521430000662803,0.05159112691956492,Hold,Neutral
2022-09-11,0.0520379990339279,0.05151549482050797,Hold,Neutral
2022-09-12,0.0512479990720748,0.0510673563205676,Hold,Neutral
2022-09-13,0.0484480001032352,0.04957835348670417,Hold,Neutral
2022-09-14,0.0486860014498233,0.04851182406473559,Hold,Neutral
2022-09-15,0.04713099822402,0.04819006098612061,Sell,Neutral
2022-09-16,0.0476489998400211,0.04789430293488842,Hold,Neutral
2022-09-17,0.0491230003535747,0.04791424920101012,Hold,Neutral
2022-09-18,0.0418800003826618,0.04617765275847343,Sell,Neutral
2022-09-19,0.0433490015566349,0.04283369666462858,Hold,Neutral
2022-09-20,0.0415050014853477,0.04171190251436475,Sell,Neutral
2022-09-21,0.0405200012028217,0.040983366351446705,Sell,Neutral
2022-09-22,0.042443998157978,0.041803654691254674,Hold,Neutral
2022-09-23,0.0420790016651153,0.04138065220697021,Sell,Neutral
2022-09-24,0.0413650013506412,0.0409090638606655,Sell,Neutral
2022-09-25,0.040582001209259,0.04089756801109392,Sell,Neutral
2022-09-26,0.0408560000360012,0.04070909008232282,Hold,Neutral
2022-09-27,0.0402849987149238,0.040632322287096685,Hold,Neutral
2022-09-28,0.0401719994843006,0.040608786321670864,Hold,Neutral
2022-09-29,0.0408950001001358,0.04064933309090493,Hold,Neutral
2022-09-30,0.0405430011451244,0.040642863050471864,Hold,Neutral
2022-10-01,0.0402580015361309,0.04056889177455281,Hold,Neutral
2022-10-02,0.0394169986248016,0.040503929183562756,Hold,Neutral
2022-10-03,0.0405430011451244,0.03978310526077681,Hold,Neutral
2022-10-04,0.0414180010557174,0.040680687955319914,Hold,Neutral
2022-10-05,0.0411799997091293,0.04063870259720106,Sell,Neutral
2022-10-06,0.0408490002155303,0.040609808946701985,Sell,Neutral
2022-10-07,0.0404959991574287,0.040457623970741964,Hold,Neutral
2022-10-08,0.0406499989330768,0.04057919045548543,Hold,Neutral
2022-10-09,0.0422330014407634,0.04090138118912784,Hold,Neutral
2022-10-10,0.0400310009717941,0.040324471625105926,Hold,Neutral
2022-10-11,0.0394960008561611,0.040046206005333415,Hold,Neutral
2022-10-12,0.0392219983041286,0.039339975658293905,Hold,Neutral
2022-10-13,0.0379189997911453,0.03854047372058163,Sell,Neutral
2022-10-14,0.0367060005664825,0.03762212354870357,Hold,Neutral
2022-10-15,0.036591999232769,0.036553766285939954,Hold,Neutral
2022-10-16,0.0371569991111755,0.03670591295503412,Hold,Neutral
2022-10-17,0.0369240008294582,0.03662875272196839,Sell,Neutral
2022-10-18,0.035640999674797,0.03617768746592822,Sell,Oversold
2022-10-19,0.032965999096632,0.034638126500904164,Sell,Oversold
2022-10-20,0.0328769981861114,0.03334360740286089,Hold,Oversold
2022-10-21,0.033254999667406,0.03308481277632148,Hold,Oversold
2022-10-22,0.0333800017833709,0.03352830422307558,Hold,Oversold
2022-10-23,0.0340490005910396,0.033876438635801275,Hold,Neutral
2022-10-24,0.0330579988658428,0.03378572948873418,Hold,Oversold
2022-10-25,0.0340929999947547,0.0335443800298039,Hold,Neutral
2022-10-26,0.0349549986422061,0.03442345965411657,Hold,Neutral
2022-10-27,0.0345190018415451,0.03528985242682429,Hold,Neutral
2022-10-28,0.0352180004119873,0.03517719298053129,Hold,Neutral
2022-10-29,0.0365180000662803,0.03621153190098996,Buy,Neutral
2022-10-30,0.0440279990434646,0.03954731115310415,Buy,Neutral
2022-10-31,0.0420809984207153,0.04242092040033694,Hold,Neutral
2022-11-01,0.0399469994008541,0.040531369083205225,Hold,Neutral
2022-11-02,0.0383049994707107,0.03938561829553644,Hold,Neutral
2022-11-03,0.0333800017833709,0.036826528988084584,Hold,Neutral
2022-11-04,0.0386589989066123,0.03629353466737279,Buy,Neutral
2022-11-05,0.0385189987719059,0.03819577988123375,Hold,Neutral
2022-11-06,0.0359329991042614,0.03759007096776972,Hold,Neutral
2022-11-07,0.036141000688076,0.036142285612927275,Hold,Neutral
2022-11-08,0.0326360017061233,0.03550703304684088,Sell,Neutral
2022-11-09,0.0256650000810623,0.028861066124736028,Sell,Neutral
2022-11-10,0.0316770002245903,0.029288729735529064,Hold,Neutral
2022-11-11,0.0319919995963573,0.031406388683700444,Hold,Neutral
2022-11-12,0.0295180007815361,0.030227897054373867,Sell,Neutral
2022-11-13,0.0294690001755952,0.029479757603426814,Hold,Neutral
2022-11-14,0.0295880008488893,0.02943080373414488,Hold,Neutral
2022-11-15,0.0293279998004436,0.029280942970417806,Sell,Neutral
2022-11-16,0.028201999142766,0.02870370965300274,Sell,Neutral
2022-11-17,0.0273599997162818,0.02732869420513961,Sell,Neutral
2022-11-18,0.0275209993124008,0.027185013448967302,Hold,Neutral
2022-11-19,0.0275810007005929,0.02719647267062795,Sell,Neutral
2022-11-20,0.0257329996675252,0.026769937354990715,Sell,Neutral
2022-11-21,0.0247740000486373,0.025677602368542517,Hold,Neutral
2022-11-22,0.0254209991544485,0.025530316021966717,Hold,Neutral
2022-11-23,0.0259530004113912,0.02579942735545635,Hold,Neutral
2022-11-24,0.0253299996256828,0.025597030770518038,Sell,Neutral
2022-11-25,0.0250659994781017,0.02557336635442309,Hold,Neutral
2022-11-26,0.0251369997859001,0.02560787695843894,Hold,Neutral
2022-11-27,0.0252889990806579,0.025346494287474593,Hold,Neutral
2022-11-28,0.0247779991477727,0.02535364367943367,Hold,Neutral
2022-11-29,0.0252429991960525,0.025220298348762465,Hold,Neutral
2022-11-30,0.0259140003472566,0.025348134072376925,Hold,Neutral
2022-12-01,0.0252439994364976,0.025393735697639985,Sell,Neutral
2022-12-02,0.0255120005458593,0.02538195059366319,Hold,Neutral
2022-12-03,0.0249339994043111,0.02540411143922093,Hold,Neutral
2022-12-04,0.0252010002732276,0.025370694124818335,Buy,Neutral
2022-12-05,0.0258530005812644,0.025383252924044135,Hold,Neutral
2022-12-06,0.0270840004086494,0.025452045495124264,Hold,Neutral
2022-12-07,0.0256270002573728,0.026140147238553096,Hold,Neutral
2022-12-08,0.0264199990779161,0.025445553777866423,Hold,Neutral
2022-12-09,0.0257719997316598,0.025482687505392752,Hold,Neutral
2022-12-10,0.0255629997700452,0.02543090362581814,Hold,Neutral
2022-12-11,0.025204999372363,0.025397280937879612,Hold,Neutral
2022-12-12,0.0251860003918409,0.025325452390522248,Hold,Neutral
2022-12-13,0.0251609999686479,0.025303570704224426,Hold,Neutral
2022-12-14,0.024431999772787,0.02525877416515844,Hold,Neutral
2022-12-15,0.0240139998495578,0.02400444515996985,Sell,Neutral
2022-12-16,0.02033800072968,0.023059693751798668,Sell,Oversold
2022-12-17,0.0207199994474649,0.02019540205822758,Hold,Oversold
2022-12-18,0.0203300006687641,0.020548776515271268,Hold,Oversold
2022-12-19,0.0184760000556707,0.019327659562759364,Sell,Oversold
2022-12-20,0.0194659996777772,0.01935112917252586,Hold,Oversold
2022-12-21,0.0189810004085302,0.01911573405121876,Sell,Oversold
2022-12-22,0.0189510006457567,0.01911313731929221,Hold,Oversold
2022-12-23,0.018928999081254,0.019044530075710067,Hold,Oversold
2022-12-24,0.0187229998409748,0.018872581212702518,Hold,Oversold
2022-12-25,0.0184300001710653,0.018703048826507463,Hold,Oversold
2022-12-26,0.0183220002800226,0.01868647923774932,Hold,Oversold
2022-12-27,0.0178219992667436,0.018395390160229192,Hold,Oversold
2022-12-28,0.0168890003114938,0.01697573700548981,Sell,Oversold
2022-12-29,0.0161930005997419,0.016488257768291565,Sell,Oversold
2022-12-30,0.0164850000292062,0.016351772810457677,Hold,Oversold
2022-12-31,0.0166609995067119,0.016603940007623667,Hold,Oversold
2023-01-01,0.01685700006783,0.016849065466255322,Hold,Oversold
2023-01-02,0.017663000151515,0.017094309231933162,Hold,Neutral
2023-01-03,0.0176199991255998,0.017359514432070792,Sell,Neutral
2023-01-04,0.0178980007767677,0.01731724402948803,Sell,Neutral
2023-01-05,0.0180420000106096,0.018156212919869675,Hold,Neutral
2023-01-06,0.023514000698924,0.02105316868633984,Buy,Neutral
2023-01-07,0.0233219992369413,0.025655117990516084,Buy,Neutral
2023-01-08,0.0348270013928413,0.028950814706417947,Buy,Overbought
2023-01-09,0.0408320017158985,0.038939230659181756,Buy,Overbought
2023-01-10,0.0416910015046596,0.04166300733866254,Buy,Overbought
2023-01-11,0.0383739992976188,0.04080352035116846,Hold,Overbought
2023-01-12,0.0405349992215633,0.040835629002779095,Buy,Overbought
2023-01-13,0.0506619997322559,0.04679766869457369,Buy,Overbought
2023-01-14,0.0496880002319812,0.050430388403357757,Hold,Overbought
2023-01-15,0.0490369983017444,0.04828167506932842,Hold,Overbought
2023-01-16,0.0466499999165535,0.04781245782080648,Hold,Overbought
2023-01-17,0.0497980006039142,0.04851806015816909,Buy,Overbought
2023-01-18,0.0446549989283084,0.046887990162574084,Hold,Neutral
2023-01-19,0.0456200018525123,0.04719740507556639,Buy,Neutral
2023-01-20,0.0490849986672401,0.04769276032709774,Buy,Overbought
2023-01-21,0.0469009988009929,0.0477308461312971,Hold,Neutral
2023-01-22,0.0487329997122287,0.04896850749192552,Buy,Neutral
2023-01-23,0.0529970005154609,0.050452045340860854,Buy,Overbought
2023-01-24,0.0477799996733665,0.05123575288700444,Hold,Neutral
2023-01-25,0.0495919995009899,0.049802866159251974,Buy,Neutral
2023-01-26,0.0488299988210201,0.04969992774887694,Hold,Neutral
2023-01-27,0.0529729984700679,0.0513808949079278,Buy,Neutral
2023-01-28,0.057108998298645,0.05369378575776216,Buy,Overbought
2023-01-29,0.0593100003898143,0.05892273176526312,Buy,Overbought
2023-01-30,0.0536210015416145,0.05821150897500143,Hold,Neutral
2023-01-31,0.0543209984898567,0.055091685148259274,Buy,Neutral
2023-02-01,0.0569240003824234,0.055625254677260864,Buy,Neutral
2023-02-02,0.0539969988167285,0.05405734434246028,Hold,Neutral
2023-02-03,0.0561380013823509,0.05473184196340737,Buy,Neutral
2023-02-04,0.0555760003626346,0.05432385786166331,Hold,Neutral
2023-02-05,0.0540679991245269,0.053894393246781885,Hold,Neutral
2023-02-06,0.0518769994378089,0.05355304458645697,Hold,Neutral
2023-02-07,0.0556549988687038,0.052146669246298065,Hold,Neutral
2023-02-08,0.0520190000534057,0.05365234052742693,Sell,Neutral
2023-02-09,0.044293999671936,0.048160553436398246,Sell,Neutral
2023-02-10,0.0442860014736652,0.04581630637410214,Hold,Neutral
2023-02-11,0.0455729998648166,0.045418199335650264,Hold,Neutral
2023-02-12,0.0436329990625381,0.04539450903481819,Hold,Neutral
2023-02-13,0.0421769991517066,0.04267593696025165,Sell,Neutral
2023-02-14,0.0441859997808933,0.042755802015401925,Hold,Neutral
2023-02-15,0.0494799986481666,0.04629648791327745,Hold,Neutral
2023-02-17,0.0479829981923103,0.04815941967425497,Sell,Neutral
2023-02-18,0.0477049984037876,0.04790721782936526,Hold,Neutral
2023-02-19,0.0472019985318183,0.04786234856187832,Hold,Neutral
2023-02-20,0.0481560006737709,0.047346657856817506,Hold,Neutral
2023-02-21,0.0460890009999275,0.047228442055222725,Hold,Neutral
2023-02-22,0.045244000852108,0.04649888323733522,Hold,Neutral
2023-02-23,0.0441710017621517,0.04531251353743487,Hold,Neutral
2023-02-24,0.0412090010941028,0.043704610220073443,Sell,Neutral
2023-02-25,0.0403730012476444,0.04144783658686517,Hold,Neutral
2023-02-26,0.0411899983882904,0.041468127126892275,Hold,Neutral
2023-02-27,0.0407310016453266,0.040751124974251235,Sell,Neutral
2023-02-28,0.0395359992980957,0.040439717624746026,Hold,Neutral
2023-03-01,0.0415799990296363,0.04011597611081477,Hold,Neutral
2023-03-02,0.0399640016257762,0.04045269840916215,Sell,Neutral
2023-03-03,0.0374480001628398,0.03925740642636409,Sell,Neutral
2023-03-04,0.034995999187231,0.03692810323449181,Sell,Neutral
2023-03-05,0.0362679995596408,0.03633711952982557,Hold,Neutral
2023-03-06,0.0389470010995864,0.03719939975097721,Hold,Neutral
2023-03-07,0.0370390005409717,0.03812621379558716,Sell,Neutral
2023-03-08,0.0336829982697963,0.03517772136489499,Sell,Neutral
2023-03-09,0.0323159992694854,0.03398326119704138,Hold,Neutral
2023-03-10,0.032855998724699,0.03273944088123576,Hold,Neutral
2023-03-11,0.0315379984676837,0.032840623328188545,Hold,Neutral
2023-03-12,0.0348949991166591,0.033050512320946156,Hold,Neutral
2023-03-13,0.0378509983420372,0.03613464307362453,Hold,Neutral
2023-03-14,0.0430269986391067,0.03963234298891918,Hold,Neutral
2023-03-15,0.0380209982395172,0.03941778447042698,Hold,Neutral
2023-03-16,0.0400159992277622,0.03957596867498409,Buy,Neutral
2023-03-17,0.0441710017621517,0.04173186293298005,Buy,Neutral
2023-03-18,0.0457939989864826,0.04429921017034738,Hold,Neutral
2023-03-19,0.046424001455307,0.04582301476314136,Hold,Neutral
2023-03-20,0.0429240018129348,0.045514308454972036,Hold,Neutral
2023-03-21,0.0436419993638992,0.042495950982635214,Hold,Neutral
2023-03-22,0.040607001632452,0.041279876507504136,Hold,Neutral
2023-03-23,0.0424759984016418,0.04164281759268113,Buy,Neutral
2023-03-24,0.0396710000932216,0.040577995144196286,Hold,Neutral
2023-03-25,0.0382970012724399,0.03903495937615172,Hold,Neutral
2023-03-26,0.0399609990417957,0.038518763993559656,Hold,Neutral
2023-03-27,0.0375449992716312,0.038560478541364046,Sell,Neutral
2023-03-28,0.0389709994196891,0.03802531422034898,Hold,Neutral
2023-03-29,0.041873000562191,0.03966822878618151,Hold,Neutral
2023-03-30,0.0407069995999336,0.04049159059707291,Sell,Neutral
2023-03-31,0.0414480008184909,0.04061017066251041,Hold,Neutral
2023-04-01,0.0410949997603893,0.040749740654255344,Sell,Neutral
2023-04-02,0.0405980013310909,0.04068166814002235,Hold,Neutral
2023-04-03,0.0400919988751411,0.0406014207568609,Hold,Neutral
2023-04-04,0.0404199995100498,0.040451676261760265,Hold,Neutral
2023-04-05,0.0414920002222061,0.040650367471945746,Hold,Neutral
2023-04-06,0.0403079986572265,0.04042618454901545,Hold,Neutral
2023-04-07,0.0399339981377124,0.04045921966252309,Hold,Neutral
2023-04-08,0.0395909994840621,0.03978874280479349,Hold,Neutral
2023-04-09,0.0400799997150898,0.03963424858771717,Hold,Neutral
2023-04-10,0.041482001543045,0.04039461229840387,Hold,Neutral
2023-04-11,0.0416380017995834,0.04051250710547854,Sell,Neutral
2023-04-12,0.0425969995558261,0.04030239006928283,Hold,Neutral
2023-04-13,0.0431969985365867,0.04047024764986918,Hold,Neutral
2023-04-14,0.0433860011398792,0.04058058589910041,Hold,Neutral
2023-04-15,0.0429270006716251,0.04048237566427877,Hold,Neutral
2023-04-16,0.0441569983959198,0.04106881569156528,Hold,Neutral
2023-04-17,0.0437530018389225,0.044411466236580044,Hold,Neutral
2023-04-18,0.0470720008015632,0.04173746130244573,Hold,Neutral
2023-04-19,0.0432850010693073,0.04725267785248281,Hold,Neutral
2023-04-20,0.0423399992287159,0.042451447002898705,Hold,Neutral
2023-04-21,0.0394870005548,0.041449838264923634,Hold,Neutral
2023-04-22,0.0409619994461536,0.0401511233843412,Buy,Neutral
2023-04-23,0.0401210002601146,0.04075009657634149,Hold,Neutral
2023-04-24,0.0393359996378421,0.04017784873752608,Hold,Neutral
2023-04-25,0.0397440008819103,0.03982023916404598,Hold,Neutral
2023-04-26,0.0384159982204437,0.039599740367247664,Hold,Neutral
2023-04-27,0.0394040010869503,0.038319311235263956,Hold,Neutral
2023-04-28,0.0389360003173351,0.03919621923716853,Hold,Neutral
2023-04-29,0.0393569990992546,0.03843831962991407,Sell,Neutral
2023-04-30,0.0383489988744258,0.03902613256475081,Hold,Neutral
2023-05-01,0.0372230000793933,0.037773771249616006,Sell,Neutral
2023-05-02,0.0375190004706382,0.03640236525387095,Sell,Neutral
2023-05-03,0.0371700003743171,0.03730349981581757,Hold,Neutral
2023-05-04,0.0348890013992786,0.036279900022737954,Sell,Neutral
2023-05-05,0.034510999917984,0.035770318081373355,Hold,Neutral
2023-05-06,0.0322659984230995,0.03527793558849873,Hold,Oversold
2023-05-07,0.0318589992821216,0.03223000230807663,Hold,Oversold
2023-05-08,0.0284109991043806,0.03216200943477011,Hold,Oversold
2023-05-09,0.0284010004252195,0.029075147689746644,Hold,Oversold
2023-05-10,0.0313480012118816,0.028646687436171797,Hold,Neutral
2023-05-11,0.0285020004957914,0.03150982037666084,Hold,Oversold
2023-05-12,0.0301159992814064,0.027966701994697543,Sell,Neutral
2023-05-13,0.0295160003006458,0.031184888023436802,Hold,Neutral
2023-05-14,0.0304230004549026,0.030264687561979694,Hold,Neutral
2023-05-15,0.0302729997783899,0.03085688284963714,Hold,Neutral
2023-05-16,0.0324000008404254,0.030756364589315636,Hold,Neutral
2023-05-17,0.0325560010969638,0.03152118368624892,Sell,Neutral
2023-05-18,0.0318070016801357,0.03139060359293123,Hold,Neutral
2023-05-19,0.0311050005257129,0.031414405240036726,Hold,Neutral
2023-05-20,0.0309089999645948,0.031153939961945137,Hold,Neutral
2023-05-21,0.0294509995728731,0.031333840265582356,Buy,Neutral
2023-05-22,0.0299830008298158,0.02991811295686694,Buy,Neutral
2023-05-23,0.0306100007146596,0.030335122037746604,Hold,Neutral
2023-05-24,0.0297529995441436,0.030306241121109623,Hold,Neutral
2023-05-25,0.0299949999898672,0.030105231418144644,Hold,Neutral
2023-05-26,0.0301319994032382,0.03013684280783971,Hold,Neutral
2023-05-27,0.0301740001887083,0.030229624283386207,Hold,Neutral
2023-05-28,0.0312899984419345,0.030253232296005766,Hold,Neutral
2023-05-29,0.0301300007849931,0.03022766985515144,Sell,Neutral
2023-05-30,0.0299980007112026,0.02948526119403043,Sell,Neutral
2023-05-31,0.0294400006532669,0.029403553332168327,Sell,Neutral
2023-06-01,0.0297689996659755,0.029017266223104684,Sell,Neutral
2023-06-02,0.0302339997142553,0.029382691708789974,Sell,Neutral
2023-06-03,0.0300879999995231,0.029435303914883373,Sell,Neutral
2023-06-04,0.0296720005571842,0.029483939468817354,Sell,Neutral
2023-06-05,0.0264749992638826,0.029109763420177216,Sell,Neutral
2023-06-06,0.0276369992643594,0.025715620377879982,Sell,Neutral
2023-06-07,0.0258189998567104,0.026674281739623815,Sell,Neutral
2023-06-08,0.0260659996420145,0.02536930459773198,Sell,Neutral
2023-06-09,0.0255379993468523,0.025370758120062006,Sell,Neutral
2023-06-10,0.0211679991334676,0.02529316380275813,Hold,Oversold
2023-06-11,0.0215939991176128,0.023640079778622508,Hold,Oversold
2023-06-12,0.0217320006340742,0.024050621003791076,Hold,Oversold
2023-06-13,0.0221490003168582,0.024195736950677484,Hold,Oversold
2023-06-14,0.0212309993803501,0.024001346638842253,Hold,Oversold
2023-06-15,0.0221280008554458,0.02416077534108634,Hold,Neutral
2023-06-16,0.0222159996628761,0.0234569113660947,Hold,Neutral
2023-06-17,0.0233229994773864,0.023634693718668564,Hold,Neutral
2023-06-18,0.0229700002819299,0.026102693437830348,Hold,Neutral
2023-06-19,0.0232100002467632,0.02360707704194533,Hold,Neutral
2023-06-20,0.0242149997502565,0.024679050497381113,Hold,Neutral
2023-06-21,0.0256169997155666,0.024058536556846186,Hold,Neutral
2023-06-22,0.024915000423789,0.02602725378658647,Buy,Neutral
2023-06-23,0.0261530000716447,0.025776285705634693,Buy,Neutral
2023-06-24,0.0265859998762607,0.02599369437295318,Hold,Neutral
2023-06-25,0.0268239993602037,0.025793417122356135,Hold,Neutral
2023-06-26,0.0256290007382631,0.02624548406838125,Hold,Neutral
2023-06-27,0.0256350003182888,0.025471086693914256,Hold,Neutral
2023-06-28,0.0234350003302097,0.02553604794858187,Hold,Neutral
2023-06-29,0.0241310000419616,0.02441145935246989,Buy,Neutral
2023-06-30,0.0245789997279644,0.02395860316978714,Hold,Neutral
2023-07-01,0.0254280008375644,0.02448949980435995,Hold,Neutral
2023-07-02,0.025152999907732,0.025523982537047015,Hold,Neutral
2023-07-03,0.0258000008761882,0.025814710143811804,Hold,Neutral
2023-07-04,0.0252059996128082,0.025770077699109963,Hold,Neutral
2023-07-05,0.0242480002343654,0.02570311695393718,Hold,Neutral
2023-07-06,0.0234099999070167,0.023736789043870835,Sell,Neutral
2023-07-07,0.0241500008851289,0.02536836813467573,Hold,Neutral
2023-07-08,0.0241069998592138,0.023469565191223566,Sell,Neutral
2023-07-09,0.0240759998559951,0.02324178145710219,Sell,Neutral
2023-07-10,0.0243069995194673,0.023086711789190483,Sell,Neutral
2023-07-11,0.0246549993753433,0.023305734990088905,Sell,Neutral
2023-07-12,0.0241049993783235,0.024813629596307066,Hold,Neutral
2023-07-13,0.0261760000139474,0.023211325534078783,Hold,Neutral
2023-07-14,0.0253040008246898,0.025839179707043847,Hold,Neutral
2023-07-15,0.025705000385642,0.02573987488132693,Buy,Neutral
2023-07-16,0.024940000846982,0.025791517887980744,Hold,Neutral
2023-07-17,0.0279220007359981,0.025535934684118033,Buy,Neutral
2023-07-18,0.0262410007417202,0.026532352996533656,Hold,Neutral
2023-07-19,0.0257409997284412,0.025480621257617568,Hold,Neutral
2023-07-20,0.0264190007001161,0.02541930304627187,Hold,Neutral
2023-07-21,0.0268029998987913,0.02548405217779784,Hold,Neutral
2023-07-22,0.0261870007961988,0.026097211012957273,Hold,Neutral
2023-07-23,0.026477999985218,0.025480793081405956,Hold,Neutral
2023-07-24,0.0246089994907379,0.02542762718778978,Hold,Neutral
2023-07-25,0.0241039991378784,0.0247468711445957,Hold,Neutral
2023-07-26,0.0234260000288486,0.023924936429119845,Hold,Neutral
2023-07-27,0.0236389990895986,0.023844980483102927,Hold,Neutral
2023-07-28,0.0236729998141527,0.02349946825032369,Hold,Neutral
2023-07-29,0.0234900005161762,0.02338757319397855,Sell,Neutral
2023-07-30,0.0231829993426799,0.02355474746968716,Hold,Neutral
2023-07-31,0.0229839999228715,0.02319795964540677,Hold,Neutral
2023-08-01,0.0234939996153116,0.022331709169866577,Sell,Neutral
2023-08-02,0.0232280008494853,0.023590742755357618,Hold,Neutral
2023-08-03,0.0227610003203153,0.02325033137992733,Hold,Neutral
2023-08-04,0.0222290009260177,0.021925685638015998,Sell,Neutral
2023-08-05,0.0243980009108781,0.021548783684391407,Sell,Neutral
2023-08-06,0.0234939996153116,0.023469039963878682,Sell,Neutral
2023-08-07,0.0231420006603002,0.023867961434747054,Hold,Neutral
2023-08-08,0.0235389992594718,0.022687535331075502,Sell,Neutral
2023-08-09,0.0233299992978572,0.023554575556820546,Hold,Neutral
2023-08-10,0.0228000003844499,0.02549350502114127,Hold,Neutral
2023-08-11,0.0229020006954669,0.022985773487326847,Hold,Neutral
2023-08-12,0.023064000532031,0.022691739169081404,Hold,Neutral
2023-08-13,0.0229180008172988,0.022584347751833142,Sell,Neutral
2023-08-14,0.0231270007789134,0.02262025021805898,Sell,Neutral
2023-08-15,0.0216150004416704,0.023024915601509037,Hold,Neutral
2023-08-16,0.0206390004605054,0.021855965866717977,Hold,Neutral
2023-08-17,0.019285999238491,0.020686579937774202,Hold,Oversold
2023-08-18,0.0196819994598627,0.019158614094571216,Hold,Neutral
2023-08-19,0.0200740005820989,0.01939810084060672,Sell,Neutral
2023-08-20,0.0200490001589059,0.01949787189200235,Sell,Neutral
2023-08-21,0.0193479992449283,0.019571269017226292,Sell,Neutral
2023-08-22,0.0193470008671283,0.019144109457936185,Sell,Neutral
2023-08-23,0.019888000562787,0.018934295005479163,Sell,Neutral
2023-08-24,0.0196010004729032,0.019083455608158287,Sell,Neutral
2023-08-25,0.0193089991807937,0.01881923698189242,Sell,Neutral
2023-08-26,0.0191050004214048,0.01887028571121116,Sell,Neutral
2023-08-27,0.0192300006747245,0.01881349205568253,Sell,Neutral
2023-08-28,0.0194429997354745,0.018738565414795173,Sell,Neutral
2023-08-29,0.0204259995371103,0.018795359070323803,Sell,Neutral
2023-08-30,0.0199439991265535,0.0200229930963483,Sell,Neutral
2023-08-31,0.0188200008124113,0.01902984581762765,Hold,Neutral
2023-09-01,0.0185870006680488,0.018717736888894384,Hold,Neutral
2023-09-02,0.0185330007225275,0.018733962225634795,Hold,Neutral
2023-09-03,0.0166319999843835,0.018694182003030954,Hold,Oversold
2023-09-04,0.0158760007470846,0.017043504757128312,Hold,Oversold
2023-09-05,0.0164100006222724,0.01682057486598977,Hold,Oversold
2023-09-06,0.0160610005259513,0.01726551749498874,Hold,Oversold
2023-09-07,0.01609200052917,0.0167567164933208,Hold,Oversold
2023-09-08,0.0159740000963211,0.017175902500306487,Hold,Oversold
2023-09-09,0.0159869994968175,0.017129566868711366,Hold,Oversold
2023-09-10,0.0146589996293187,0.017104342551491368,Hold,Oversold
2023-09-11,0.014050000347197,0.013774588044670204,Sell,Oversold
2023-09-12,0.0139119997620582,0.013473716216532903,Sell,Oversold
2023-09-13,0.0140939997509121,0.013386213564591475,Sell,Oversold
2023-09-14,0.0143820000812411,0.013189134280841487,Sell,Oversold
2023-09-15,0.0147320004180073,0.013300028058032818,Sell,Oversold
2023-09-16,0.0148579999804496,0.013311447616944543,Sell,Neutral
2023-09-17,0.0142120001837611,0.013281816603973826,Sell,Oversold
2023-09-21,0.013141999952495,0.01316426282258034,Sell,Oversold
2023-09-22,0.0134549997746944,0.012766794771380919,Sell,Oversold
2023-09-23,0.0134169999510049,0.012582799316683243,Sell,Oversold
2023-09-24,0.013264000415802,0.012606511061777868,Sell,Oversold
2023-09-25,0.0135180000215768,0.012584150311872407,Sell,Oversold
2023-09-26,0.013337000273168,0.01258137469552866,Sell,Oversold
2023-09-27,0.0132820000872015,0.012597864182160589,Sell,Oversold
2023-09-28,0.0134650003165006,0.012586949234084195,Sell,Neutral
2023-09-29,0.0143649997189641,0.012544769908515618,Sell,Neutral
2023-09-30,0.0142320003360509,0.012963031490753492,Sell,Neutral
2023-10-01,0.015022000297904,0.012878419711829868,Hold,Neutral
2023-10-02,0.0147759998217225,0.013255705760538717,Hold,Neutral
2023-10-03,0.0153649998828768,0.012921030444454602,Hold,Neutral
2023-10-04,0.0156810004264116,0.01623031846271747,Buy,Neutral
2023-10-05,0.014465999789536,0.01801364573060277,Buy,Neutral
2023-10-06,0.0146129997447133,0.013184244024442165,Hold,Neutral
2023-10-07,0.0146430004388093,0.012987895619905387,Hold,Neutral
2023-10-08,0.0143649997189641,0.012969651632290673,Hold,Neutral
2023-10-09,0.0133920004591345,0.012997677478374096,Sell,Neutral
2023-10-10,0.0133840003982186,0.01254565253558741,Sell,Neutral
2023-10-11,0.0132120000198483,0.01250610803361814,Sell,Neutral
2023-10-12,0.0135359996929764,0.012558787933822958,Sell,Neutral
2023-10-13,0.0136449998244643,0.01246840073496744,Sell,Neutral
2023-10-14,0.0135390004143118,0.012759629106718266,Sell,Neutral
2023-10-15,0.0136559996753931,0.012496994147435811,Sell,Neutral
2023-10-16,0.0138349998742342,0.012857382255869947,Sell,Neutral
2023-10-17,0.0132210003212094,0.012950971832670598,Sell,Neutral
2023-10-18,0.0129610002040863,0.012574641702488714,Sell,Neutral
2023-10-19,0.0126860002055764,0.012589651828730722,Sell,Neutral
2023-10-20,0.0129329999908804,0.012423019882973776,Sell,Neutral
2023-10-21,0.0134920002892613,0.012562366842572018,Sell,Neutral
2023-10-22,0.0142400003969669,0.012525991796977595,Sell,Neutral
2023-10-23,0.0146819995716214,0.012927487216499611,Hold,Neutral
2023-10-24,0.0150720002129673,0.012859191300044759,Hold,Neutral
2023-10-25,0.0159770008176565,0.012995831097416276,Hold,Neutral
2023-10-26,0.0185780003666877,0.016324431933155595,Buy,Overbought
2023-10-27,0.0175880007445812,0.019691122569285284,Buy,Neutral
2023-10-28,0.018113000318408,0.018015766068078375,Buy,Overbought
2023-10-29,0.020831000059843,0.0199132202859767,Buy,Overbought
2023-10-30,0.0199420005083084,0.021879903761112915,Buy,Overbought
2023-10-31,0.0191350001841783,0.019907155703925507,Hold,Neutral
2023-11-01,0.0196390002965927,0.019827003802355515,Buy,Neutral
2023-11-02,0.0182959996163845,0.019186467472497658,Hold,Neutral
2023-11-03,0.0184255242347717,0.01883468487962766,Buy,Neutral
2023-11-04,0.0196139998733997,0.019028506121586894,Buy,Neutral
2023-11-05,0.020431000739336,0.018922157002982345,Hold,Neutral
2023-11-06,0.0212570000439882,0.02062128994561656,Hold,Neutral
2023-11-07,0.0208689998835325,0.022242029331337173,Buy,Neutral
2023-11-08,0.0227370001375675,0.02091424383083036,Hold,Overbought
2023-11-09,0.0237620007246732,0.022632931524963346,Hold,Overbought
2023-11-10,0.0252560004591941,0.02386427675515177,Hold,Overbought
2023-11-11,0.0245609991252422,0.025861867154067256,Buy,Overbought
2023-11-12,0.0242999996989965,0.02474055830827744,Hold,Overbought
2023-11-13,0.0222040005028247,0.0240182645281793,Hold,Neutral
2023-11-14,0.0230149999260902,0.02235251385785233,Hold,Neutral
2023-11-15,0.0241887662559747,0.022411277162852586,Hold,Neutral
